id;tentant_id;street_address;postal_code;city;state_province
1;Secured productize;schemas;calculate program;Karlborough;Pants
2;multi-byte Soft;Colombia Licensed Plastic Hat;International Peso Uruguayo Uruguay Peso en Unidades Indexadas;Wilfredland;Forward Sports Falkland Islands (Malvinas)
3;Gold index;port neural;District;Candiceberg;Representative Car Granite
4;compressing;Investor;pink;North Sethhaven;Concrete sky blue
5;Bolivar Fuerte backing up;Licensed European Unit of Account 17(E.U.A.-17) auxiliary;Accounts Mali Orchestrator;West Anabeltown;JSON extend Fully-configurable
6;infrastructure EXE;Exclusive Incredible Fresh Keyboard;compelling Algeria;Anabelbury;Generic
7;Liaison mobile impactful;Pataca Guadeloupe;Licensed alarm;Jeramieberg;Technician Cambridgeshire pixel
8;auxiliary;Democratic People's Republic of Korea;cross-platform Licensed Granite Shirt Fresh;Andersonfort;Track Toys West Virginia
9;infrastructures teal Plastic;Producer bandwidth;sky blue withdrawal synthesize;Hermistonfort;payment
10;Nigeria;leading-edge IB;holistic Colorado;West Whitney;Gardens Automotive
